Workbook

Sheet 커버
B1: 135-937 서울특별시 강남구 강남대로 308 랜드마크타워 T:02 2016 2300
C2: E S T I M A T E | K2: =TODAY() -> 46017
C4: ▶ Client | D4: : | E4: 현대위아
C5: ▶ 행 사 명 | D5: : | E5: CES2026 현대위아관
C6: ▶ 행 사 기 간 | D6: : | E6: 2026년 1월 6일 ~ 1월 9일 (총 4일)
C7: ▶ 행 사 장 소 | D7: : | E7: 미국 네바다주, 라스베가스 컨벤션 센터 (LVCC) 웨스트홀
C8: ▶ 행 사 금 액 | D8: : | E8: =I8 -> 2286800000 | H8: 원정 | I8: =총괄!E13 -> 2286800000 | J8: VAT 별도
C9: ▶ 비 고 | D9: :
C10: ▶ 기 타 | D10: :

Sheet 총괄
B1: ■ CES 2026 현대위아관_총괄예산 내역
B3: 구 분 | D3: 내 용 | E3: 금 액(원)
B4: 1 | C4: 기획 / 디자인 | D4: 전시관 기획 및 2D, 3D 디자인 등 | E4: =세부내역!I5 -> 8000000
B5: 2 | C5: 전시관 제작 | D5: 전시관 설계 및 전시관 제작 (자재비, 인건비 등) | E5: =세부내역!I74 -> 825076000
B6: 3 | C6: 콘텐츠 제작 | D6: 영상 및 전시 콘텐츠 등 | E6: =세부내역!I107 -> 285900000
B7: 4 | C7: 시스템 | D7: 전시관 LED 영상 시스템, 조명, 음향 및 오퍼레이팅 등 | E7: =세부내역!I140 -> 312600000
B8: 5 | C8: 쇼서비스 | D8: LVCC 현장 설치, 운영 지원 서비스 비용 | E8: =세부내역!I165 -> 374354910
B9: 6 | C9: 인력 / 운영 | D9: 현지 운영 및 안내 인력, 기타 운영 제반 사항 및 진행비, 예비비 등 | E9: =세부내역!I206 -> 236635000
B10: 7 | C10: 출장비 | D10: 대행사 출장비 | E10: =세부내역!I208 -> 40000000
B11: 합 계 | E11: =SUM(E4:E10) -> 2082565910
B12: 대행수수료(1~6 합계의 10%) | E12: =SUM(E4:E9)*0.1 -> 204256591
B13: 총계 (VAT 별도) | E13: =ROUNDDOWN(SUM(E11:E12),-5) -> 2286800000

Sheet 세부내역
B1: ■ CES 2026 현대위아관_세부예산 내역
B2: 구분 | D2: 내용 | E2: 단위 | F2: 일수 | G2: 수량 | H2: 단가 | I2: 금액 | J2: 비고
H3: 원화(KRW) | I3: 원화(KRW)
B4: 기획 | D4: 기획, 섭외, 운영, 매뉴얼 개발 | E4: 식 | F4: 1 | G4: 1 | H4: 8000000 | I4: =H4 -> 8000000
B5: 소 계 | I5: =SUM(I4:I4) -> 8000000
A6: ㅐ | B6: 전시관 제작 | C6: 바닥 공사 | D6: 바닥 18T 합판 2PLY / 바닥 몰딩 등 | E6: ㎡ | F6: 1 | G6: 140 | H6: 168000 | I6: =H6*G6*F6 -> 23520000
D7: 바닥 마감 | E7: ㎡ | F7: 1 | G7: 140 | H7: 124000 | I7: =H7*G7*F7 -> 17360000
D8: 설치 철거 보양재 | E8: ㎡ | F8: 1 | G8: 140 | H8: 15000 | I8: =H8*G8*F8 -> 2100000
A9: ㅐ | C9: 외부 목공 구조 | D9: 후면 외부 구조 (15,240mmL x 5,000mmH x 70mmD) | E9: ㎡ | F9: 1 | G9: 77 | H9: 380000 | I9: =H9*G9*F9 -> 29260000
D10: 우측면 외부 구조 (6,731mmL x 5,000mmH x 70mmD) | E10: ㎡ | F10: 1 | G10: 34 | H10: 300000 | I10: =H10*G10*F10 -> 10200000
C11: 벽체 구조 | D11: 목공구조, 라미네이트 마감 / 25,000mm x 5,000mmH | E11: ㎡ | F11: 1 | G11: 102 | H11: 300000 | I11: =H11*G11*F11 -> 30600000
D12: 목공구조, 라미네이트 마감 / 18,000mm x 3,000mmH | E12: ㎡ | F12: 1 | G12: 42 | H12: 300000 | I12: =H12*G12*F12 -> 12600000
D13: Seamless Comport Zone 금속 프레임 | E13: ㎡ | F13: 0 | G13: 40 | H13: 420000 | I13: =H13*G13*F13 -> 0
D14: 우든도어 | E14: 식 | F14: 1 | G14: 1 | H14: 800000 | I14: =H14*G14*F14 -> 800000
D15: 유리 강화 도어 / 손잡이 / 힌지 | E15: 식 | F15: 1 | G15: 1 | H15: 1200000 | I15: =H15*G15*F15 -> 1200000
D16: 유리프레임 | E16: ㎡ | F16: 1 | G16: 16 | H16: 360000 | I16: =H16*G16*F16 -> 5760000
D17: VIP룸 유리 | E17: 자평 | F17: 1 | G17: 172 | H17: 45000 | I17: =H17*G17*F17 -> 7740000
D18: Seamless Connection Zone 개별 목공구조, 라미네이트 마감 | E18: 식 | F18: 1 | G18: 1 | H18: 11000000 | I18: =H18*G18*F18 -> 11000000
D19: 메인 LED 프레임 제작 | E19: 식 | F19: 1 | G19: 1 | H19: 3500000 | I19: =H19*G19*F19 -> 3500000
A20: ㅐ | C20: 전시관 및 룸 천장 구조 | D20: Control, Connection Zone 구조천장 / 목공구조, 라미네이트 마감 | E20: ㎡ | F20: 1 | G20: 28 | H20: 300000 | I20: =H20*G20*F20 -> 8400000
D21: 미팅, 스태프 룸 구조 천장 / 목공구조, 라미네이트 마감 | E21: ㎡ | F21: 1 | G21: 12 | H21: 300000 | I21: =H21*G21*F21 -> 3600000
C22: Enginerring Drawing | D22: 제작 드로잉 | E22: 식 | F22: 1 | G22: 1 | H22: 2600000 | I22: =H22*G22*F22 -> 2600000
D23: 구조 계산 및 Wet Stamp | E23: 식 | F23: 1 | G23: 1 | H23: 2000000 | I23: =H23*G23*F23 -> 2000000
C24: Shipping | D24: 우든 크레이트 & 팔레트 제작 / 팩킹 | E24: 식 | F24: 1 | G24: 1 | H24: 2000000 | I24: =H24*G24*F24 -> 2000000
D25: 현지 운송비 / LA ~ Las Vegas | E25: 식 | F25: 1 | G25: 5 | H25: 3500000 | I25: =H25*G25*F25 -> 17500000
C26: 제작 가구 공사 | D26: 인포메이션 데스크 | E26: 식 | F26: 1 | G26: 1 | H26: 4000000 | I26: =H26*G26*F26 -> 4000000
D27: HVAC 키오스크 | E27: 식 | F27: 1 | G27: 1 | H27: 3200000 | I27: =H27*G27*F27 -> 3200000
D28: TMS 전시 집기 | E28: 식 | F28: 1 | G28: 1 | H28: 5500000 | I28: =H28*G28*F28 -> 5500000
D29: AMR 전시대 | E29: 식 | F29: 1 | G29: 1 | H29: 2800000 | I29: =H29*G29*F29 -> 2800000
D30: WDS 목공 구조 집기, 마감 | E30: 식 | F30: 1 | G30: 1 | H30: 2000000 | I30: =H30*G30*F30 -> 2000000
D31: Dual CVJ 목공 구조 집기, 마감 | E31: 식 | F31: 1 | G31: 1 | H31: 2800000 | I31: =H31*G31*F31 -> 2800000
D32: ARS 전시 집기 목공 구조 집기, 마감 / 구조 보강 등 | E32: 식 | F32: 1 | G32: 1 | H32: 6800000 | I32: =H32*G32*F32 -> 6800000
D33: Control Zone 기타 제품 (IDA, e-LSD, e-TVTC) 전시 테이블 | E33: 식 | F33: 1 | G33: 1 | H33: 5500000 | I33: =H33*G33*F33 -> 5500000
D34: 헤리티지 존 전시 집기 (테이블, HW등) | E34: 식 | F34: 1 | G34: 1 | H34: 4500000 | I34: =H34*G34*F34 -> 4500000
C35: 트러스 공사 | D35: 블랙 스틸 트러스 | E35: m | F35: 1 | G35: 130 | H35: 380000 | I35: =H35*G35*F35 -> 49400000
D36: 트러스 천장 가림막 (설치 작업 포함) | E36: 식 | F36: 1 | G36: 1 | H36: 24000000 | I36: =H36*G36*F36 -> 24000000
D37: 체인 모터 | E37: ea | F37: 1 | G37: 16 | H37: 1250000 | I37: =H37*G37*F37 -> 20000000
D38: 컨트롤 박스 | E38: ea | F38: 1 | G38: 2 | H38: 2500000 | I38: =H38*G38*F38 -> 5000000
D39: 리깅 하드웨어 (Grapple, Shackles, GAC Flex Turn buckle 등) | E39: 식 | F39: 1 | G39: 1 | H39: 5000000 | I39: =H39*G39*F39 -> 5000000
A40: ㅐ | D40: 잔넬 리깅 프레임 | E40: set | F40: 1 | G40: 2 | H40: 3500000 | I40: =H40*G40*F40 -> 7000000
C41: 실링 공사 | D41: 리깅 오브제 Option1. 프랙탈 패브릭 조형물 구조 및 오브제 제작 | E41: 식 | F41: 1 | G41: 1 | H41: 32000000 | I41: =H41*G41*F41 -> 32000000
D42: 리깅 오브제 Option1. 프랙탈 패브릭 조형물 연출 조명 시스템 | E42: 식 | F42: 1 | G42: 1 | H42: 48000000 | I42: =H42*G42*F42 -> 48000000
D43: 리깅 오브제 Option1. 프랙탈 패브릭 조형물 자동화 연출 조명 시스템 | E43: 식 | F43: 1 | G43: 0 | H43: 78000000 | I43: =H43*G43*F43 -> 0
D44: 리깅 오브제 Option2. Line LED + 아크릴 구조물 구조 | E44: 식 | F44: 1 | G44: 0 | H44: 72000000 | I44: =H44*G44*F44 -> 0
D45: 리깅 오브제 Option2. Line LED + 아크릴 구조물 구조 조명 연출 SW | E45: 식 | F45: 1 | G45: 0 | H45: 38000000 | I45: =H45*G45*F45 -> 0
C46: 사인 그래픽 공사 | D46: 현대위아 메인로고(리깅) | E46: set | F46: 1 | G46: 2 | H46: 6500000 | I46: =H46*G46*F46 -> 13000000
D47: 스카시 및 시트커팅, 실사출력 | E47: 식 | F47: 1 | G47: 1 | H47: 15000000 | I47: =H47*G47*F47 -> 15000000
C48: 전기 공사 | D48: 트러스 부착 조명 | E48: ea | F48: 1 | G48: 15 | H48: 950000 | I48: =H48*G48*F48 -> 14250000
D49: 다운라이트 | E49: ea | F49: 1 | G49: 40 | H49: 250000 | I49: =H49*G49*F49 -> 10000000
D50: 내부 라인 LED 조명 | E50: m | F50: 1 | G50: 40 | H50: 220000 | I50: =H50*G50*F50 -> 8800000
D51: 전시 구간 별 T5 조명 | E51: ea | F51: 1 | G51: 220 | H51: 180000 | I51: =H51*G51*F51 -> 39600000
D52: VIP 룸 팬던트 | E52: ea | F52: 1 | G52: 1 | H52: 700000 | I52: =H52*G52*F52 -> 700000
D53: 디밍스위치 | E53: ea | F53: 1 | G53: 1 | H53: 340000 | I53: =H53*G53*F53 -> 340000
D54: 파워소켓 | E54: 식 | F54: 1 | G54: 1 | H54: 1500000 | I54: =H54*G54*F54 -> 1500000
C55: 렌탈 가구 공사 | D55: 스탭룸 테이블(4인용) | E55: ea | F55: 1 | G55: 1 | H55: 350000 | I55: =H55*G55*F55 -> 350000
D56: 스탭룸의자 | E56: ea | F56: 1 | G56: 4 | H56: 220000 | I56: =H56*G56*F56 -> 880000
D57: INFO 스툴 | E57: ea | F57: 1 | G57: 2 | H57: 220000 | I57: =H57*G57*F57 -> 440000
D58: VIP룸 쇼파(3인용) | E58: ea | F58: 1 | G58: 2 | H58: 1400000 | I58: =H58*G58*F58 -> 2800000
D59: VIP룸 쇼파(1인용) | E59: ea | F59: 1 | G59: 1 | H59: 840000 | I59: =H59*G59*F59 -> 840000
D60: VIP룸 티테이블 | E60: ea | F60: 1 | G60: 1 | H60: 840000 | I60: =H60*G60*F60 -> 840000
D61: 콘솔 테이블 | E61: ea | F61: 1 | G61: 2 | H61: 250000 | I61: =H61*G61*F61 -> 500000
D62: 콘솔 의자 | E62: ea | F62: 1 | G62: 4 | H62: 200000 | I62: =H62*G62*F62 -> 800000
C63: 설치/철거 인건비 | D63: Booth Labor_Installation | E63: time | F63: 50 | G63: 10 | H63: 132550 | I63: =H63*G63*F63 -> 66275000 | J63: 28일 얼리무브인 적용, 일수 상승
D64: Booth Labor_Installation over time | E64: time | F64: 28 | G64: 10 | H64: 199550 | I64: =H64*G64*F64 -> 55874000 | J64: 28일 얼리무브인 적용, 일수 상승
D65: Booth Labor_Dismantle | E65: time | F65: 18 | G65: 8 | H65: 132550 | I65: =H65*G65*F65 -> 19087200
D66: Electric Labor_Installation | E66: time | F66: 38 | G66: 4 | H66: 180200 | I66: =H66*G66*F66 -> 27390400 | J66: 28일 얼리무브인 적용, 일수 상승
D67: Electric Labor_Installation over time | E67: time | F67: 23 | G67: 4 | H67: 299450 | I67: =H67*G67*F67 -> 27549400 | J67: 28일 얼리무브인 적용, 일수 상승
D68: Electric Labor_Dismantle | E68: time | F68: 15 | G68: 4 | H68: 180200 | I68: =H68*G68*F68 -> 10812000
D69: Sign Labor_Installation | E69: time | F69: 30 | G69: 4 | H69: 132550 | I69: =H69*G69*F69 -> 15906000 | J69: 28일 얼리무브인 적용, 일수 상승
D70: Sign Labor_Dismantle | E70: time | F70: 10 | G70: 4 | H70: 132550 | I70: =H70*G70*F70 -> 5302000
C71: 기타 비용 | D71: 현장 감리 / Engineering Drawing | E71: 식 | F71: 7 | G71: 2 | H71: 3000000 | I71: =H71*G71*F71 -> 42000000 | J71: 28일 얼리무브인 적용, 일수 상승
D72: 사전 제작 운송 (국내 제작 물품 해외 운송비) | E72: 식 | F72: 1 | G72: 1 | H72: 20000000 | I72: =H72*G72*F72 -> 20000000
D73: 잡자재비 | E73: 식 | F73: 1 | G73: 1 | H73: 5000000 | I73: =H73*G73*F73 -> 5000000
B74: 소 계 | I74: =SUM(I6:I73) -> 825076000
A75: ㅐ | B75: 콘텐츠 제작 | C75: 연출 영상 | D75: 전시관 연출 영상 제작 (타이틀, VJ영상 등) | E75: 식 | F75: 1 | G75: 1 | H75: 40000000 | I75: =H75*G75*F75 -> 40000000 | J75: 15~30초 분량의 모션 그래픽, 1안 기준, 촬영 미포함 기준
C76: 체험프로그램 | D76: 쇼케이스 서베이 | E76: 식 | F76: 1 | G76: 1 | H76: 0 | I76: =H76*G76*F76 -> 0 | J76: 제작비 발생 X
D77: SNS 팔로우 이벤트 | E77: 식 | F77: 1 | G77: 1 | H77: 0 | I77: =H77*G77*F77 -> 0 | J77: 제작비 발생 X
C78: 발표자료 (키노트) | D78: 발표자료 제작 | E78: 식 | F78: 1 | G78: 1 | H78: 45000000 | I78: =H78*G78*F78 -> 45000000 | J78: 쇼케이스 항목 분리
D79: 발표자료 오퍼레이터, 오퍼레이팅 장비, 현지 출장 비용 등 | E79: 식 | F79: 1 | G79: 1 | H79: 13000000 | I79: =H79*G79*F79 -> 13000000
C80: 브랜드 존 | D80: 미디어 테이블 HW, 인터랙션 오브젝트 (원형 퍽) 제작 | E80: 식 | F80: 1 | G80: 1 | H80: 14500000 | I80: =H80*G80*F80 -> 14500000
D81: 2D 모션 그래픽 디자인 | E81: 식 | F81: 1 | G81: 1 | H81: 34000000 | I81: =H81*G81*F81 -> 34000000 | J81: 제작 분량에 따라 변동
D82: 큐브 인식 및 연동 컨텐츠 개발 | E82: 식 | F82: 1 | G82: 1 | H82: 11000000 | I82: =H82*G82*F82 -> 11000000
D83: 원형 퍽 3D 모형 제작 (예비 포함 6기) | E83: 식 | F83: 1 | G83: 1 | H83: 10000000 | I83: =H83*G83*F83 -> 10000000
D84: 납품 비용 (TV 구매, 테이블 보강, 콘솔 PC 구매) | E84: 식 | F84: 1 | G84: 1 | H84: 7000000 | I84: =H84*G84*F84 -> 7000000 | J84: 납품 진행 시
C85: AMR | D85: AMR 현대자동차관 현장 촬영, 컷편집 | E85: 식 | F85: 1 | G85: 1 | H85: 5000000 | I85: =H85*G85*F85 -> 5000000 | J85: 중계 DSLR 활용 현장 촬영 후 컷 편집
D86: AMR 현대자동차관 CCTV option1. 웹 CCTV 설치 형 | E86: 식 | F86: 1 | G86: 0 | H86: 20000000 | I86: =H86*G86*F86 -> 0 | J86: option. 현대자동차관 설치 컨디션에 따라 변동
D87: AMR 현대자동차관 CCTV option2. 무선 중계카메라 설치 형 | E87: 식 | F87: 0 | G87: 0 | H87: 28000000 | I87: =H87*G87*F87 -> 0 | J87: option. 현대자동차관 설치 컨디션에 따라 변동
C88: WDS | D88: WDS 디스플레이, 시연 집기 | E88: 식 | F88: 1 | G88: 1 | H88: 3800000 | I88: =H88*G88*F88 -> 3800000
D89: WDS 라이팅 박스, 신호 시스템 제작 | E89: 식 | F89: 1 | G89: 1 | H89: 5000000 | I89: =H89*G89*F89 -> 5000000
D90: WDS 3D 부품 목업 제작 | E90: 식 | F90: 1 | G90: 1 | H90: 4500000 | I90: =H90*G90*F90 -> 4500000
D91: WDS 3D 부품 목업_운송 중 파손 보완 | E91: 식 | F91: 1 | G91: 1 | H91: 500000 | I91: =H91*G91*F91 -> 500000
D92: WDS 물리 손잡이 통신, 신호 제어, 영상 연동 SW 개발 | E92: 식 | F92: 1 | G92: 0 | H92: 16000000 | I92: =H92*G92*F92 -> 0 | J92: 삭제
C93: Dual CVJ | D93: Dual CVJ 디스플레이, 시연 집기 (핸들 및 실리콘 라이팅 등) | E93: 식 | F93: 1 | G93: 1 | H93: 3800000 | I93: =H93*G93*F93 -> 3800000
D94: Dual CVJ 핸들 연동 통신, 순차 라이팅 시스템 개발 | E94: 식 | F94: 1 | G94: 0 | H94: 16000000 | I94: =H94*G94*F94 -> 0 | J94: 삭제
D95: Dual CVJ 차량 부착형 레일 시스템 | E95: 식 | F95: 1 | G95: 0 | H95: 14000000 | I95: =H95*G95*F95 -> 0 | J95: 삭제
D96: 핸들 스위치 SW, 라이팅 애니메이션 제작 | E96: 식 | F96: 1 | G96: 1 | H96: 13000000 | I96: =H96*G96*F96 -> 13000000
C97: ARS | D97: ARS 디스플레이, 시연 집기 (아크릴 패널 등) | E97: 식 | F97: 1 | G97: 1 | H97: 3800000 | I97: =H97*G97*F97 -> 3800000
D98: 투명 디스플레이 시스템 HW (2ea) | E98: 식 | F98: 1 | G98: 0 | H98: 12750000 | I98: =H98*G98*F98 -> 0 | J98: 삭제 추천
D99: 투명 디스플레이 시스템 HW 예비 (1ea) | E99: 식 | F99: 1 | G99: 0 | H99: 12750000 | I99: =H99*G99*F99 -> 0 | J99: 현장 파손 등 발생시 예비부품
D100: 디스플레이 영상 2D, 3D 모션그래픽 디자인 | E100: 식 | F100: 1 | G100: 0 | H100: 22000000 | I100: =H100*G100*F100 -> 0 | J100: 삭제 추천
...
